"period","i","j","friend_m2"
"1975-1997","at","ba",0
"1975-1997","at","be",0
"1975-1997","at","ch",0
"1975-1997","at","cy",0
"1975-1997","at","de",0
"1975-1997","at","dk",0
"1975-1997","at","ee",0
"1975-1997","at","es",0
"1975-1997","at","fi",0
"1975-1997","at","fr",0
"1975-1997","at","gb",1
"1975-1997","at","gr",0
"1975-1997","at","hr",0
"1975-1997","at","hu",0
"1975-1997","at","ie",0
"1975-1997","at","il",0
"1975-1997","at","is",0
"1975-1997","at","it",0
"1975-1997","at","lu",0
"1975-1997","at","mc",0
"1975-1997","at","mt",0
"1975-1997","at","nl",0
"1975-1997","at","no",0
"1975-1997","at","pl",0
"1975-1997","at","pt",0
"1975-1997","at","ru",0
"1975-1997","at","se",0
"1975-1997","at","si",0
"1975-1997","at","tr",0
"1975-1997","at","yu",0
"1975-1997","ba","at",0
"1975-1997","ba","be",0
"1975-1997","ba","ch",0
"1975-1997","ba","cy",0
"1975-1997","ba","de",0
"1975-1997","ba","dk",0
"1975-1997","ba","ee",0
"1975-1997","ba","es",0
"1975-1997","ba","fi",0
"1975-1997","ba","fr",0
"1975-1997","ba","gb",0
"1975-1997","ba","gr",0
"1975-1997","ba","hr",0
"1975-1997","ba","hu",0
"1975-1997","ba","ie",0
"1975-1997","ba","is",0
"1975-1997","ba","mt",0
"1975-1997","ba","nl",0
"1975-1997","ba","no",0
"1975-1997","ba","pl",0
"1975-1997","ba","pt",0
"1975-1997","ba","ru",0
"1975-1997","ba","se",0
"1975-1997","ba","si",0
"1975-1997","ba","tr",0
"1975-1997","be","at",0
"1975-1997","be","ba",0
"1975-1997","be","ch",0
"1975-1997","be","cy",0
"1975-1997","be","de",1
"1975-1997","be","dk",0
"1975-1997","be","es",0
"1975-1997","be","fi",0
"1975-1997","be","fr",0
"1975-1997","be","gb",0
"1975-1997","be","gr",0
"1975-1997","be","hr",0
"1975-1997","be","ie",0
"1975-1997","be","il",0
"1975-1997","be","is",0
"1975-1997","be","it",0
"1975-1997","be","lu",0
"1975-1997","be","mc",0
"1975-1997","be","mt",0
"1975-1997","be","nl",0
"1975-1997","be","no",1
"1975-1997","be","pt",0
"1975-1997","be","se",0
"1975-1997","be","si",0
"1975-1997","be","tr",0
"1975-1997","be","yu",0
"1975-1997","ch","at",0
"1975-1997","ch","ba",0
"1975-1997","ch","be",0
"1975-1997","ch","cy",0
"1975-1997","ch","de",0
"1975-1997","ch","dk",0
"1975-1997","ch","ee",0
"1975-1997","ch","es",0
"1975-1997","ch","fi",0
"1975-1997","ch","fr",0
"1975-1997","ch","gb",0
"1975-1997","ch","gr",0
"1975-1997","ch","hr",0
"1975-1997","ch","ie",0
"1975-1997","ch","il",1
"1975-1997","ch","is",0
"1975-1997","ch","it",0
"1975-1997","ch","lu",0
"1975-1997","ch","mc",0
"1975-1997","ch","mt",0
"1975-1997","ch","nl",0
"1975-1997","ch","no",0
"1975-1997","ch","pl",0
"1975-1997","ch","pt",0
"1975-1997","ch","se",0
"1975-1997","ch","si",0
"1975-1997","ch","tr",0
"1975-1997","ch","yu",0
"1975-1997","cy","at",0
"1975-1997","cy","ba",0
"1975-1997","cy","be",0
"1975-1997","cy","ch",0
"1975-1997","cy","de",0
"1975-1997","cy","dk",0
"1975-1997","cy","ee",0
"1975-1997","cy","es",0
"1975-1997","cy","fi",0
"1975-1997","cy","fr",0
"1975-1997","cy","gb",0
"1975-1997","cy","gr",1
"1975-1997","cy","hr",0
"1975-1997","cy","hu",0
"1975-1997","cy","ie",0
"1975-1997","cy","il",0
"1975-1997","cy","is",0
"1975-1997","cy","it",0
"1975-1997","cy","lu",0
"1975-1997","cy","mt",0
"1975-1997","cy","nl",0
"1975-1997","cy","no",0
"1975-1997","cy","pl",0
"1975-1997","cy","pt",0
"1975-1997","cy","ru",0
"1975-1997","cy","se",0
"1975-1997","cy","si",0
"1975-1997","cy","tr",0
"1975-1997","cy","yu",1
"1975-1997","de","at",0
"1975-1997","de","ba",0
"1975-1997","de","be",0
"1975-1997","de","ch",0
"1975-1997","de","cy",0
"1975-1997","de","dk",0
"1975-1997","de","es",0
"1975-1997","de","fi",0
"1975-1997","de","fr",0
"1975-1997","de","gb",0
"1975-1997","de","gr",0
"1975-1997","de","hr",0
"1975-1997","de","hu",0
"1975-1997","de","ie",0
"1975-1997","de","il",0
"1975-1997","de","is",0
"1975-1997","de","it",0
"1975-1997","de","lu",0
"1975-1997","de","mc",0
"1975-1997","de","mt",0
"1975-1997","de","nl",0
"1975-1997","de","no",0
"1975-1997","de","pl",0
"1975-1997","de","pt",0
"1975-1997","de","ru",0
"1975-1997","de","se",0
"1975-1997","de","si",0
"1975-1997","de","tr",0
"1975-1997","de","yu",0
"1975-1997","dk","at",0
"1975-1997","dk","ba",0
"1975-1997","dk","be",0
"1975-1997","dk","ch",0
"1975-1997","dk","cy",0
"1975-1997","dk","de",1
"1975-1997","dk","es",0
"1975-1997","dk","fi",0
"1975-1997","dk","fr",0
"1975-1997","dk","gb",0
"1975-1997","dk","gr",0
"1975-1997","dk","hr",0
"1975-1997","dk","ie",0
"1975-1997","dk","il",0
"1975-1997","dk","is",0
"1975-1997","dk","it",0
"1975-1997","dk","lu",0
"1975-1997","dk","mt",0
"1975-1997","dk","nl",0
"1975-1997","dk","no",0
"1975-1997","dk","pt",0
"1975-1997","dk","se",1
"1975-1997","dk","si",0
"1975-1997","dk","tr",0
"1975-1997","dk","yu",0
"1975-1997","ee","at",0
"1975-1997","ee","ba",0
"1975-1997","ee","ch",0
"1975-1997","ee","cy",0
"1975-1997","ee","es",0
"1975-1997","ee","fr",0
"1975-1997","ee","gb",0
"1975-1997","ee","gr",0
"1975-1997","ee","hr",0
"1975-1997","ee","ie",0
"1975-1997","ee","is",0
"1975-1997","ee","mt",0
"1975-1997","ee","nl",0
"1975-1997","ee","no",0
"1975-1997","ee","pl",0
"1975-1997","ee","pt",0
"1975-1997","ee","se",0
"1975-1997","es","at",0
"1975-1997","es","ba",0
"1975-1997","es","be",0
"1975-1997","es","ch",0
"1975-1997","es","cy",0
"1975-1997","es","de",0
"1975-1997","es","dk",0
"1975-1997","es","ee",0
"1975-1997","es","fi",0
"1975-1997","es","fr",0
"1975-1997","es","gb",0
"1975-1997","es","gr",1
"1975-1997","es","hr",0
"1975-1997","es","hu",0
"1975-1997","es","ie",0
"1975-1997","es","il",0
"1975-1997","es","is",0
"1975-1997","es","it",1
"1975-1997","es","lu",0
"1975-1997","es","mc",0
"1975-1997","es","mt",0
"1975-1997","es","nl",0
"1975-1997","es","no",0
"1975-1997","es","pl",0
"1975-1997","es","pt",1
"1975-1997","es","ru",0
"1975-1997","es","se",0
"1975-1997","es","si",0
"1975-1997","es","tr",0
"1975-1997","es","yu",0
"1975-1997","fi","at",0
"1975-1997","fi","ba",0
"1975-1997","fi","be",0
"1975-1997","fi","ch",0
"1975-1997","fi","cy",0
"1975-1997","fi","de",0
"1975-1997","fi","dk",0
"1975-1997","fi","es",0
"1975-1997","fi","fr",0
"1975-1997","fi","gb",0
"1975-1997","fi","gr",0
"1975-1997","fi","hr",0
"1975-1997","fi","ie",0
"1975-1997","fi","il",0
"1975-1997","fi","is",0
"1975-1997","fi","it",1
"1975-1997","fi","lu",0
"1975-1997","fi","mc",0
"1975-1997","fi","mt",0
"1975-1997","fi","nl",0
"1975-1997","fi","no",0
"1975-1997","fi","pt",0
"1975-1997","fi","se",0
"1975-1997","fi","tr",0
"1975-1997","fi","yu",0
"1975-1997","fr","at",0
"1975-1997","fr","ba",0
"1975-1997","fr","be",0
"1975-1997","fr","ch",0
"1975-1997","fr","cy",0
"1975-1997","fr","de",0
"1975-1997","fr","dk",0
"1975-1997","fr","ee",0
"1975-1997","fr","es",0
"1975-1997","fr","fi",0
"1975-1997","fr","gb",0
"1975-1997","fr","gr",0
"1975-1997","fr","hr",0
"1975-1997","fr","hu",0
"1975-1997","fr","ie",0
"1975-1997","fr","il",0
"1975-1997","fr","is",0
"1975-1997","fr","it",0
"1975-1997","fr","lu",0
"1975-1997","fr","mc",0
"1975-1997","fr","mt",0
"1975-1997","fr","nl",0
"1975-1997","fr","no",0
"1975-1997","fr","pl",0
"1975-1997","fr","pt",1
"1975-1997","fr","ru",0
"1975-1997","fr","se",0
"1975-1997","fr","si",0
"1975-1997","fr","tr",0
"1975-1997","fr","yu",0
"1975-1997","gb","at",0
"1975-1997","gb","ba",0
"1975-1997","gb","be",0
"1975-1997","gb","ch",0
"1975-1997","gb","cy",0
"1975-1997","gb","de",0
"1975-1997","gb","dk",0
"1975-1997","gb","ee",0
"1975-1997","gb","es",0
"1975-1997","gb","fi",0
"1975-1997","gb","fr",0
"1975-1997","gb","gr",0
"1975-1997","gb","hr",0
"1975-1997","gb","hu",0
"1975-1997","gb","ie",0
"1975-1997","gb","il",0
"1975-1997","gb","is",0
"1975-1997","gb","it",0
"1975-1997","gb","lu",0
"1975-1997","gb","mc",0
"1975-1997","gb","mt",0
"1975-1997","gb","nl",0
"1975-1997","gb","no",0
"1975-1997","gb","pl",0
"1975-1997","gb","pt",0
"1975-1997","gb","ru",0
"1975-1997","gb","se",0
"1975-1997","gb","si",0
"1975-1997","gb","tr",0
"1975-1997","gb","yu",0
"1975-1997","gr","at",0
"1975-1997","gr","ba",0
"1975-1997","gr","be",0
"1975-1997","gr","ch",0
"1975-1997","gr","cy",1
"1975-1997","gr","de",0
"1975-1997","gr","dk",0
"1975-1997","gr","ee",0
"1975-1997","gr","es",1
"1975-1997","gr","fi",0
"1975-1997","gr","fr",0
"1975-1997","gr","gb",0
"1975-1997","gr","hr",0
"1975-1997","gr","hu",0
"1975-1997","gr","ie",0
"1975-1997","gr","il",0
"1975-1997","gr","is",0
"1975-1997","gr","it",0
"1975-1997","gr","lu",0
"1975-1997","gr","mc",0
"1975-1997","gr","mt",0
"1975-1997","gr","nl",0
"1975-1997","gr","no",0
"1975-1997","gr","pl",0
"1975-1997","gr","pt",0
"1975-1997","gr","ru",0
"1975-1997","gr","se",0
"1975-1997","gr","si",0
"1975-1997","gr","tr",0
"1975-1997","gr","yu",0
"1975-1997","hr","at",0
"1975-1997","hr","ba",0
"1975-1997","hr","be",0
"1975-1997","hr","ch",0
"1975-1997","hr","cy",0
"1975-1997","hr","de",0
"1975-1997","hr","dk",0
"1975-1997","hr","ee",0
"1975-1997","hr","es",0
"1975-1997","hr","fi",0
"1975-1997","hr","fr",0
"1975-1997","hr","gb",0
"1975-1997","hr","gr",0
"1975-1997","hr","hu",0
"1975-1997","hr","ie",0
"1975-1997","hr","is",0
"1975-1997","hr","mt",1
"1975-1997","hr","nl",0
"1975-1997","hr","no",0
"1975-1997","hr","pl",0
"1975-1997","hr","pt",0
"1975-1997","hr","ru",0
"1975-1997","hr","se",0
"1975-1997","hr","si",0
"1975-1997","hr","tr",0
"1975-1997","hu","at",0
"1975-1997","hu","ba",0
"1975-1997","hu","cy",0
"1975-1997","hu","de",0
"1975-1997","hu","es",0
"1975-1997","hu","fr",0
"1975-1997","hu","gb",0
"1975-1997","hu","gr",0
"1975-1997","hu","hr",0
"1975-1997","hu","ie",0
"1975-1997","hu","is",0
"1975-1997","hu","mt",0
"1975-1997","hu","no",0
"1975-1997","hu","pl",0
"1975-1997","hu","pt",0
"1975-1997","hu","ru",0
"1975-1997","hu","se",0
"1975-1997","ie","at",0
"1975-1997","ie","ba",0
"1975-1997","ie","be",0
"1975-1997","ie","ch",0
"1975-1997","ie","cy",0
"1975-1997","ie","de",0
"1975-1997","ie","dk",0
"1975-1997","ie","ee",0
"1975-1997","ie","es",0
"1975-1997","ie","fi",0
"1975-1997","ie","fr",0
"1975-1997","ie","gb",0
"1975-1997","ie","gr",0
"1975-1997","ie","hr",0
"1975-1997","ie","hu",0
"1975-1997","ie","il",0
"1975-1997","ie","is",0
"1975-1997","ie","it",0
"1975-1997","ie","lu",0
"1975-1997","ie","mc",0
"1975-1997","ie","mt",0
"1975-1997","ie","nl",0
"1975-1997","ie","no",1
"1975-1997","ie","pl",0
"1975-1997","ie","pt",0
"1975-1997","ie","ru",0
"1975-1997","ie","se",0
"1975-1997","ie","si",0
"1975-1997","ie","tr",0
"1975-1997","ie","yu",0
"1975-1997","il","at",0
"1975-1997","il","be",0
"1975-1997","il","ch",0
"1975-1997","il","cy",0
"1975-1997","il","de",0
"1975-1997","il","dk",0
"1975-1997","il","es",0
"1975-1997","il","fi",0
"1975-1997","il","fr",0
"1975-1997","il","gb",0
"1975-1997","il","gr",0
"1975-1997","il","ie",0
"1975-1997","il","is",0
"1975-1997","il","it",0
"1975-1997","il","lu",0
"1975-1997","il","mc",0
"1975-1997","il","mt",0
"1975-1997","il","nl",0
"1975-1997","il","no",0
"1975-1997","il","pt",0
"1975-1997","il","se",0
"1975-1997","il","tr",0
"1975-1997","il","yu",0
"1975-1997","is","at",0
"1975-1997","is","ba",0
"1975-1997","is","be",0
"1975-1997","is","ch",0
"1975-1997","is","cy",0
"1975-1997","is","de",0
"1975-1997","is","dk",1
"1975-1997","is","ee",0
"1975-1997","is","es",0
"1975-1997","is","fi",0
"1975-1997","is","fr",0
"1975-1997","is","gb",0
"1975-1997","is","gr",0
"1975-1997","is","hr",0
"1975-1997","is","hu",0
"1975-1997","is","ie",0
"1975-1997","is","il",0
"1975-1997","is","it",0
"1975-1997","is","lu",0
"1975-1997","is","mt",0
"1975-1997","is","nl",0
"1975-1997","is","no",0
"1975-1997","is","pl",0
"1975-1997","is","pt",0
"1975-1997","is","ru",0
"1975-1997","is","se",0
"1975-1997","is","si",0
"1975-1997","is","tr",0
"1975-1997","is","yu",1
"1975-1997","it","at",0
"1975-1997","it","be",0
"1975-1997","it","ch",0
"1975-1997","it","cy",0
"1975-1997","it","de",0
"1975-1997","it","dk",0
"1975-1997","it","es",1
"1975-1997","it","fi",0
"1975-1997","it","fr",0
"1975-1997","it","gb",0
"1975-1997","it","gr",0
"1975-1997","it","ie",0
"1975-1997","it","il",0
"1975-1997","it","is",0
"1975-1997","it","lu",0
"1975-1997","it","mc",1
"1975-1997","it","mt",0
"1975-1997","it","nl",0
"1975-1997","it","no",0
"1975-1997","it","pt",0
"1975-1997","it","se",0
"1975-1997","it","tr",0
"1975-1997","it","yu",0
"1975-1997","lu","at",0
"1975-1997","lu","be",0
"1975-1997","lu","ch",0
"1975-1997","lu","cy",0
"1975-1997","lu","de",0
"1975-1997","lu","dk",0
"1975-1997","lu","es",0
"1975-1997","lu","fi",0
"1975-1997","lu","fr",0
"1975-1997","lu","gb",0
"1975-1997","lu","gr",0
"1975-1997","lu","ie",0
"1975-1997","lu","il",0
"1975-1997","lu","is",0
"1975-1997","lu","it",0
"1975-1997","lu","mc",0
"1975-1997","lu","mt",0
"1975-1997","lu","nl",0
"1975-1997","lu","no",0
"1975-1997","lu","pt",0
"1975-1997","lu","se",0
"1975-1997","lu","tr",0
"1975-1997","lu","yu",0
"1975-1997","mc","at",0
"1975-1997","mc","be",0
"1975-1997","mc","ch",0
"1975-1997","mc","de",0
"1975-1997","mc","es",0
"1975-1997","mc","fi",0
"1975-1997","mc","fr",0
"1975-1997","mc","gb",0
"1975-1997","mc","gr",0
"1975-1997","mc","ie",0
"1975-1997","mc","il",0
"1975-1997","mc","it",0
"1975-1997","mc","lu",0
"1975-1997","mc","nl",0
"1975-1997","mc","no",0
"1975-1997","mc","pt",0
"1975-1997","mc","se",0
"1975-1997","mt","at",0
"1975-1997","mt","ba",0
"1975-1997","mt","be",0
"1975-1997","mt","ch",0
"1975-1997","mt","cy",0
"1975-1997","mt","de",0
"1975-1997","mt","dk",0
"1975-1997","mt","ee",0
"1975-1997","mt","es",0
"1975-1997","mt","fi",0
"1975-1997","mt","fr",0
"1975-1997","mt","gb",0
"1975-1997","mt","gr",0
"1975-1997","mt","hr",0
"1975-1997","mt","hu",0
"1975-1997","mt","ie",0
"1975-1997","mt","il",0
"1975-1997","mt","is",0
"1975-1997","mt","it",0
"1975-1997","mt","lu",0
"1975-1997","mt","nl",0
"1975-1997","mt","no",0
"1975-1997","mt","pl",0
"1975-1997","mt","pt",0
"1975-1997","mt","ru",0
"1975-1997","mt","se",0
"1975-1997","mt","si",0
"1975-1997","mt","tr",1
"1975-1997","mt","yu",0
"1975-1997","nl","at",0
"1975-1997","nl","ba",0
"1975-1997","nl","be",0
"1975-1997","nl","ch",0
"1975-1997","nl","cy",0
"1975-1997","nl","de",0
"1975-1997","nl","dk",0
"1975-1997","nl","ee",0
"1975-1997","nl","es",0
"1975-1997","nl","fi",0
"1975-1997","nl","fr",0
"1975-1997","nl","gb",0
"1975-1997","nl","gr",0
"1975-1997","nl","hr",0
"1975-1997","nl","ie",0
"1975-1997","nl","il",0
"1975-1997","nl","is",0
"1975-1997","nl","it",0
"1975-1997","nl","lu",0
"1975-1997","nl","mc",0
"1975-1997","nl","mt",0
"1975-1997","nl","no",1
"1975-1997","nl","pl",0
"1975-1997","nl","pt",0
"1975-1997","nl","se",0
"1975-1997","nl","si",0
"1975-1997","nl","tr",0
"1975-1997","nl","yu",0
"1975-1997","no","at",0
"1975-1997","no","ba",0
"1975-1997","no","be",0
"1975-1997","no","ch",0
"1975-1997","no","cy",0
"1975-1997","no","de",0
"1975-1997","no","dk",1
"1975-1997","no","ee",0
"1975-1997","no","es",0
"1975-1997","no","fi",0
"1975-1997","no","fr",0
"1975-1997","no","gb",0
"1975-1997","no","gr",0
"1975-1997","no","hr",0
"1975-1997","no","hu",0
"1975-1997","no","ie",0
"1975-1997","no","il",0
"1975-1997","no","is",0
"1975-1997","no","it",0
"1975-1997","no","lu",0
"1975-1997","no","mc",0
"1975-1997","no","mt",0
"1975-1997","no","nl",0
"1975-1997","no","pl",0
"1975-1997","no","pt",0
"1975-1997","no","ru",0
"1975-1997","no","se",1
"1975-1997","no","si",0
"1975-1997","no","tr",0
"1975-1997","no","yu",0
"1975-1997","pl","at",0
"1975-1997","pl","ba",0
"1975-1997","pl","ch",0
"1975-1997","pl","cy",0
"1975-1997","pl","de",0
"1975-1997","pl","ee",0
"1975-1997","pl","es",0
"1975-1997","pl","fr",0
"1975-1997","pl","gb",0
"1975-1997","pl","gr",0
"1975-1997","pl","hr",0
"1975-1997","pl","hu",0
"1975-1997","pl","ie",0
"1975-1997","pl","is",0
"1975-1997","pl","mt",0
"1975-1997","pl","nl",0
"1975-1997","pl","no",0
"1975-1997","pl","pt",0
"1975-1997","pl","ru",0
"1975-1997","pl","se",0
"1975-1997","pl","si",0
"1975-1997","pl","tr",0
"1975-1997","pt","at",0
"1975-1997","pt","ba",0
"1975-1997","pt","be",0
"1975-1997","pt","ch",0
"1975-1997","pt","cy",0
"1975-1997","pt","de",1
"1975-1997","pt","dk",0
"1975-1997","pt","ee",0
"1975-1997","pt","es",0
"1975-1997","pt","fi",0
"1975-1997","pt","fr",0
"1975-1997","pt","gb",0
"1975-1997","pt","gr",0
"1975-1997","pt","hr",0
"1975-1997","pt","hu",0
"1975-1997","pt","ie",0
"1975-1997","pt","il",0
"1975-1997","pt","is",0
"1975-1997","pt","it",1
"1975-1997","pt","lu",0
"1975-1997","pt","mc",0
"1975-1997","pt","mt",0
"1975-1997","pt","nl",0
"1975-1997","pt","no",0
"1975-1997","pt","pl",0
"1975-1997","pt","ru",0
"1975-1997","pt","se",0
"1975-1997","pt","si",0
"1975-1997","pt","tr",0
"1975-1997","pt","yu",0
"1975-1997","ru","at",0
"1975-1997","ru","ba",0
"1975-1997","ru","cy",0
"1975-1997","ru","de",0
"1975-1997","ru","es",0
"1975-1997","ru","fr",0
"1975-1997","ru","gb",0
"1975-1997","ru","gr",0
"1975-1997","ru","hr",0
"1975-1997","ru","hu",0
"1975-1997","ru","ie",0
"1975-1997","ru","is",0
"1975-1997","ru","mt",0
"1975-1997","ru","no",0
"1975-1997","ru","pl",0
"1975-1997","ru","pt",0
"1975-1997","ru","se",0
"1975-1997","se","at",0
"1975-1997","se","ba",0
"1975-1997","se","be",0
"1975-1997","se","ch",0
"1975-1997","se","cy",0
"1975-1997","se","de",0
"1975-1997","se","dk",1
"1975-1997","se","ee",0
"1975-1997","se","es",0
"1975-1997","se","fi",0
"1975-1997","se","fr",0
"1975-1997","se","gb",0
"1975-1997","se","gr",0
"1975-1997","se","hr",0
"1975-1997","se","hu",0
"1975-1997","se","ie",1
"1975-1997","se","il",0
"1975-1997","se","is",1
"1975-1997","se","it",0
"1975-1997","se","lu",0
"1975-1997","se","mc",0
"1975-1997","se","mt",0
"1975-1997","se","nl",0
"1975-1997","se","no",0
"1975-1997","se","pl",0
"1975-1997","se","pt",0
"1975-1997","se","ru",0
"1975-1997","se","si",0
"1975-1997","se","tr",0
"1975-1997","se","yu",0
"1975-1997","si","at",0
"1975-1997","si","ba",0
"1975-1997","si","be",0
"1975-1997","si","ch",0
"1975-1997","si","cy",0
"1975-1997","si","de",0
"1975-1997","si","dk",0
"1975-1997","si","es",0
"1975-1997","si","fr",0
"1975-1997","si","gb",0
"1975-1997","si","gr",0
"1975-1997","si","hr",0
"1975-1997","si","ie",0
"1975-1997","si","is",0
"1975-1997","si","mt",0
"1975-1997","si","nl",0
"1975-1997","si","no",0
"1975-1997","si","pl",0
"1975-1997","si","pt",0
"1975-1997","si","se",0
"1975-1997","si","tr",0
"1975-1997","tr","at",0
"1975-1997","tr","ba",1
"1975-1997","tr","be",0
"1975-1997","tr","ch",0
"1975-1997","tr","cy",0
"1975-1997","tr","de",0
"1975-1997","tr","dk",0
"1975-1997","tr","es",1
"1975-1997","tr","fi",0
"1975-1997","tr","fr",0
"1975-1997","tr","gb",0
"1975-1997","tr","gr",0
"1975-1997","tr","hr",0
"1975-1997","tr","ie",0
"1975-1997","tr","il",0
"1975-1997","tr","is",0
"1975-1997","tr","it",0
"1975-1997","tr","lu",0
"1975-1997","tr","mt",0
"1975-1997","tr","nl",0
"1975-1997","tr","no",0
"1975-1997","tr","pl",0
"1975-1997","tr","pt",0
"1975-1997","tr","se",0
"1975-1997","tr","si",0
"1975-1997","tr","yu",1
"1975-1997","yu","at",0
"1975-1997","yu","be",0
"1975-1997","yu","ch",0
"1975-1997","yu","cy",0
"1975-1997","yu","de",0
"1975-1997","yu","dk",0
"1975-1997","yu","es",0
"1975-1997","yu","fi",0
"1975-1997","yu","fr",0
"1975-1997","yu","gb",0
"1975-1997","yu","gr",0
"1975-1997","yu","ie",0
"1975-1997","yu","il",0
"1975-1997","yu","is",0
"1975-1997","yu","it",0
"1975-1997","yu","lu",0
"1975-1997","yu","mt",0
"1975-1997","yu","nl",0
"1975-1997","yu","no",0
"1975-1997","yu","pt",0
"1975-1997","yu","se",0
"1975-1997","yu","tr",0
"1998-2012","al","am",0
"1998-2012","al","az",0
"1998-2012","al","ba",0
"1998-2012","al","cy",0
"1998-2012","al","de",0
"1998-2012","al","dk",0
"1998-2012","al","es",0
"1998-2012","al","fr",0
"1998-2012","al","gb",0
"1998-2012","al","gr",1
"1998-2012","al","hr",0
"1998-2012","al","ie",0
"1998-2012","al","il",0
"1998-2012","al","is",0
"1998-2012","al","md",0
"1998-2012","al","mk",1
"1998-2012","al","mt",0
"1998-2012","al","no",0
"1998-2012","al","pt",0
"1998-2012","al","ro",0
"1998-2012","al","rs",0
"1998-2012","al","ru",0
"1998-2012","al","se",0
"1998-2012","al","tr",1
"1998-2012","al","ua",0
"1998-2012","am","al",0
"1998-2012","am","az",0
"1998-2012","am","ba",0
"1998-2012","am","de",0
"1998-2012","am","dk",0
"1998-2012","am","es",0
"1998-2012","am","fi",0
"1998-2012","am","fr",1
"1998-2012","am","gb",0
"1998-2012","am","ge",0
"1998-2012","am","gr",0
"1998-2012","am","hr",0
"1998-2012","am","ie",0
"1998-2012","am","il",0
"1998-2012","am","is",0
"1998-2012","am","lt",0
"1998-2012","am","lv",0
"1998-2012","am","md",0
"1998-2012","am","no",0
"1998-2012","am","pt",0
"1998-2012","am","ro",0
"1998-2012","am","rs",0
"1998-2012","am","ru",1
"1998-2012","am","se",0
"1998-2012","am","tr",0
"1998-2012","am","ua",0
"1998-2012","at","ba",1
"1998-2012","at","be",0
"1998-2012","at","ch",0
"1998-2012","at","cy",0
"1998-2012","at","de",1
"1998-2012","at","dk",0
"1998-2012","at","ee",0
"1998-2012","at","es",0
"1998-2012","at","fi",0
"1998-2012","at","fr",0
"1998-2012","at","gb",0
"1998-2012","at","gr",0
"1998-2012","at","hr",1
"1998-2012","at","ie",0
"1998-2012","at","il",0
"1998-2012","at","is",0
"1998-2012","at","lt",0
"1998-2012","at","lv",0
"1998-2012","at","mk",0
"1998-2012","at","mt",0
"1998-2012","at","nl",0
"1998-2012","at","no",0
"1998-2012","at","pl",0
"1998-2012","at","ro",0
"1998-2012","at","ru",0
"1998-2012","at","se",0
"1998-2012","at","si",0
"1998-2012","at","tr",0
"1998-2012","at","ua",0
"1998-2012","az","al",0
"1998-2012","az","am",0
"1998-2012","az","ba",0
"1998-2012","az","de",0
"1998-2012","az","dk",0
"1998-2012","az","ee",0
"1998-2012","az","es",0
"1998-2012","az","fi",0
"1998-2012","az","fr",0
"1998-2012","az","gb",0
"1998-2012","az","ge",0
"1998-2012","az","gr",0
"1998-2012","az","ie",0
"1998-2012","az","il",0
"1998-2012","az","is",0
"1998-2012","az","lt",0
"1998-2012","az","md",0
"1998-2012","az","no",0
"1998-2012","az","pt",0
"1998-2012","az","ro",0
"1998-2012","az","rs",0
"1998-2012","az","ru",1
"1998-2012","az","se",0
"1998-2012","az","tr",1
"1998-2012","az","ua",1
"1998-2012","ba","al",0
"1998-2012","ba","am",0
"1998-2012","ba","at",0
"1998-2012","ba","az",0
"1998-2012","ba","be",0
"1998-2012","ba","ch",0
"1998-2012","ba","cy",0
"1998-2012","ba","de",0
"1998-2012","ba","dk",0
"1998-2012","ba","ee",0
"1998-2012","ba","es",0
"1998-2012","ba","fi",0
"1998-2012","ba","fr",0
"1998-2012","ba","gb",0
"1998-2012","ba","ge",0
"1998-2012","ba","gr",0
"1998-2012","ba","hr",1
"1998-2012","ba","hu",0
"1998-2012","ba","ie",0
"1998-2012","ba","il",0
"1998-2012","ba","is",0
"1998-2012","ba","lt",0
"1998-2012","ba","lv",0
"1998-2012","ba","md",0
"1998-2012","ba","mk",1
"1998-2012","ba","mt",0
"1998-2012","ba","nl",0
"1998-2012","ba","no",0
"1998-2012","ba","pl",0
"1998-2012","ba","pt",0
"1998-2012","ba","ro",0
"1998-2012","ba","rs",1
"1998-2012","ba","ru",0
"1998-2012","ba","se",0
"1998-2012","ba","si",1
"1998-2012","ba","tr",1
"1998-2012","ba","ua",0
"1998-2012","be","at",0
"1998-2012","be","ba",0
"1998-2012","be","ch",0
"1998-2012","be","cy",0
"1998-2012","be","de",0
"1998-2012","be","dk",0
"1998-2012","be","ee",0
"1998-2012","be","es",0
"1998-2012","be","fi",0
"1998-2012","be","fr",0
"1998-2012","be","gb",0
"1998-2012","be","gr",0
"1998-2012","be","hr",0
"1998-2012","be","ie",0
"1998-2012","be","il",0
"1998-2012","be","is",0
"1998-2012","be","lv",0
"1998-2012","be","mk",0
"1998-2012","be","mt",0
"1998-2012","be","nl",1
"1998-2012","be","no",0
"1998-2012","be","pl",0
"1998-2012","be","pt",0
"1998-2012","be","ro",0
"1998-2012","be","ru",0
"1998-2012","be","se",0
"1998-2012","be","si",0
"1998-2012","be","tr",0
"1998-2012","be","ua",0
"1998-2012","ch","at",1
"1998-2012","ch","ba",0
"1998-2012","ch","be",0
"1998-2012","ch","cy",0
"1998-2012","ch","de",1
"1998-2012","ch","dk",0
"1998-2012","ch","ee",0
"1998-2012","ch","es",0
"1998-2012","ch","fi",0
"1998-2012","ch","fr",0
"1998-2012","ch","gb",0
"1998-2012","ch","gr",0
"1998-2012","ch","hr",1
"1998-2012","ch","hu",0
"1998-2012","ch","ie",0
"1998-2012","ch","il",0
"1998-2012","ch","lt",0
"1998-2012","ch","lv",0
"1998-2012","ch","md",0
"1998-2012","ch","mk",0
"1998-2012","ch","mt",0
"1998-2012","ch","no",0
"1998-2012","ch","ro",0
"1998-2012","ch","ru",0
"1998-2012","ch","se",0
"1998-2012","ch","si",0
"1998-2012","ch","tr",0
"1998-2012","ch","ua",0
"1998-2012","cy","al",0
"1998-2012","cy","at",0
"1998-2012","cy","ba",0
"1998-2012","cy","be",0
"1998-2012","cy","ch",0
"1998-2012","cy","de",0
"1998-2012","cy","dk",0
"1998-2012","cy","ee",0
"1998-2012","cy","es",1
"1998-2012","cy","fi",0
"1998-2012","cy","fr",0
"1998-2012","cy","gb",0
"1998-2012","cy","gr",1
"1998-2012","cy","hr",0
"1998-2012","cy","hu",0
"1998-2012","cy","ie",0
"1998-2012","cy","il",0
"1998-2012","cy","is",0
"1998-2012","cy","lt",0
"1998-2012","cy","lv",0
"1998-2012","cy","md",0
"1998-2012","cy","mk",0
"1998-2012","cy","mt",0
"1998-2012","cy","nl",0
"1998-2012","cy","no",0
"1998-2012","cy","pl",0
"1998-2012","cy","pt",0
"1998-2012","cy","ro",0
"1998-2012","cy","ru",0
"1998-2012","cy","se",0
"1998-2012","cy","si",0
"1998-2012","cy","tr",0
"1998-2012","cy","ua",0
"1998-2012","de","al",0
"1998-2012","de","am",0
"1998-2012","de","at",0
"1998-2012","de","az",0
"1998-2012","de","ba",0
"1998-2012","de","be",0
"1998-2012","de","ch",0
"1998-2012","de","cy",0
"1998-2012","de","dk",0
"1998-2012","de","ee",0
"1998-2012","de","es",0
"1998-2012","de","fi",0
"1998-2012","de","fr",0
"1998-2012","de","gb",0
"1998-2012","de","ge",0
"1998-2012","de","gr",1
"1998-2012","de","hr",0
"1998-2012","de","hu",0
"1998-2012","de","ie",0
"1998-2012","de","il",0
"1998-2012","de","is",0
"1998-2012","de","lt",0
"1998-2012","de","lv",0
"1998-2012","de","md",0
"1998-2012","de","mk",0
"1998-2012","de","mt",0
"1998-2012","de","nl",0
"1998-2012","de","no",0
"1998-2012","de","pl",1
"1998-2012","de","pt",0
"1998-2012","de","ro",0
"1998-2012","de","rs",0
"1998-2012","de","ru",0
"1998-2012","de","se",0
"1998-2012","de","si",0
"1998-2012","de","tr",1
"1998-2012","de","ua",0
"1998-2012","dk","al",0
"1998-2012","dk","am",0
"1998-2012","dk","at",0
"1998-2012","dk","az",0
"1998-2012","dk","ba",0
"1998-2012","dk","be",0
"1998-2012","dk","ch",0
"1998-2012","dk","cy",0
"1998-2012","dk","de",0
"1998-2012","dk","ee",0
"1998-2012","dk","es",0
"1998-2012","dk","fi",0
"1998-2012","dk","fr",0
"1998-2012","dk","gb",0
"1998-2012","dk","ge",0
"1998-2012","dk","gr",0
"1998-2012","dk","hr",0
"1998-2012","dk","hu",0
"1998-2012","dk","ie",0
"1998-2012","dk","il",0
"1998-2012","dk","is",1
"1998-2012","dk","lt",0
"1998-2012","dk","lv",0
"1998-2012","dk","md",0
"1998-2012","dk","mk",0
"1998-2012","dk","mt",0
"1998-2012","dk","nl",0
"1998-2012","dk","no",1
"1998-2012","dk","pl",0
"1998-2012","dk","pt",0
"1998-2012","dk","ro",0
"1998-2012","dk","rs",0
"1998-2012","dk","ru",0
"1998-2012","dk","se",1
"1998-2012","dk","si",0
"1998-2012","dk","tr",0
"1998-2012","dk","ua",0
"1998-2012","ee","at",0
"1998-2012","ee","az",0
"1998-2012","ee","ba",0
"1998-2012","ee","be",0
"1998-2012","ee","ch",0
"1998-2012","ee","cy",0
"1998-2012","ee","de",0
"1998-2012","ee","dk",0
"1998-2012","ee","es",0
"1998-2012","ee","fi",1
"1998-2012","ee","fr",0
"1998-2012","ee","gb",0
"1998-2012","ee","gr",0
"1998-2012","ee","hr",0
"1998-2012","ee","hu",0
"1998-2012","ee","ie",0
"1998-2012","ee","il",0
"1998-2012","ee","is",0
"1998-2012","ee","lt",0
"1998-2012","ee","lv",1
"1998-2012","ee","md",0
"1998-2012","ee","mk",0
"1998-2012","ee","mt",0
"1998-2012","ee","nl",0
"1998-2012","ee","no",0
"1998-2012","ee","pl",0
"1998-2012","ee","pt",0
"1998-2012","ee","ro",0
"1998-2012","ee","ru",1
"1998-2012","ee","se",1
"1998-2012","ee","si",0
"1998-2012","ee","tr",0
"1998-2012","ee","ua",0
"1998-2012","es","al",0
"1998-2012","es","am",1
"1998-2012","es","at",0
"1998-2012","es","az",0
"1998-2012","es","ba",0
"1998-2012","es","be",0
"1998-2012","es","ch",0
"1998-2012","es","cy",0
"1998-2012","es","de",1
"1998-2012","es","dk",0
"1998-2012","es","ee",0
"1998-2012","es","fi",0
"1998-2012","es","fr",0
"1998-2012","es","gb",0
"1998-2012","es","ge",0
"1998-2012","es","gr",0
"1998-2012","es","hr",0
"1998-2012","es","hu",0
"1998-2012","es","ie",0
"1998-2012","es","il",0
"1998-2012","es","is",0
"1998-2012","es","lt",0
"1998-2012","es","lv",0
"1998-2012","es","md",0
"1998-2012","es","mk",0
"1998-2012","es","mt",0
"1998-2012","es","nl",0
"1998-2012","es","no",0
"1998-2012","es","pl",0
"1998-2012","es","pt",1
"1998-2012","es","ro",1
"1998-2012","es","rs",0
"1998-2012","es","ru",0
"1998-2012","es","se",0
"1998-2012","es","si",0
"1998-2012","es","tr",0
"1998-2012","es","ua",0
"1998-2012","fi","am",0
"1998-2012","fi","at",0
"1998-2012","fi","az",0
"1998-2012","fi","ba",0
"1998-2012","fi","be",0
"1998-2012","fi","ch",0
"1998-2012","fi","cy",0
"1998-2012","fi","de",0
"1998-2012","fi","dk",0
"1998-2012","fi","ee",1
"1998-2012","fi","es",0
"1998-2012","fi","fr",0
"1998-2012","fi","gb",0
"1998-2012","fi","ge",0
"1998-2012","fi","gr",0
"1998-2012","fi","hr",0
"1998-2012","fi","hu",0
"1998-2012","fi","ie",0
"1998-2012","fi","il",0
"1998-2012","fi","is",0
"1998-2012","fi","lt",0
"1998-2012","fi","lv",0
"1998-2012","fi","md",0
"1998-2012","fi","mk",0
"1998-2012","fi","mt",0
"1998-2012","fi","no",0
"1998-2012","fi","pt",0
"1998-2012","fi","ro",0
"1998-2012","fi","rs",0
"1998-2012","fi","ru",0
"1998-2012","fi","se",1
"1998-2012","fi","si",0
"1998-2012","fi","tr",0
"1998-2012","fi","ua",0
"1998-2012","fr","al",0
"1998-2012","fr","am",1
"1998-2012","fr","at",0
"1998-2012","fr","az",0
"1998-2012","fr","ba",0
"1998-2012","fr","be",0
"1998-2012","fr","ch",0
"1998-2012","fr","cy",0
"1998-2012","fr","de",0
"1998-2012","fr","dk",0
"1998-2012","fr","ee",0
"1998-2012","fr","es",1
"1998-2012","fr","fi",0
"1998-2012","fr","gb",0
"1998-2012","fr","ge",0
"1998-2012","fr","gr",0
"1998-2012","fr","hr",0
"1998-2012","fr","hu",0
"1998-2012","fr","ie",0
"1998-2012","fr","il",1
"1998-2012","fr","is",0
"1998-2012","fr","lt",0
"1998-2012","fr","lv",0
"1998-2012","fr","md",0
"1998-2012","fr","mk",0
"1998-2012","fr","mt",0
"1998-2012","fr","nl",0
"1998-2012","fr","no",0
"1998-2012","fr","pl",0
"1998-2012","fr","pt",1
"1998-2012","fr","ro",0
"1998-2012","fr","rs",0
"1998-2012","fr","ru",0
"1998-2012","fr","se",0
"1998-2012","fr","si",0
"1998-2012","fr","tr",1
"1998-2012","fr","ua",0
"1998-2012","gb","al",0
"1998-2012","gb","am",0
"1998-2012","gb","at",0
"1998-2012","gb","az",0
"1998-2012","gb","ba",0
"1998-2012","gb","be",0
"1998-2012","gb","ch",0
"1998-2012","gb","cy",0
"1998-2012","gb","de",0
"1998-2012","gb","dk",1
"1998-2012","gb","ee",0
"1998-2012","gb","es",0
"1998-2012","gb","fi",0
"1998-2012","gb","fr",0
"1998-2012","gb","ge",0
"1998-2012","gb","gr",1
"1998-2012","gb","hr",0
"1998-2012","gb","hu",0
"1998-2012","gb","ie",1
"1998-2012","gb","il",0
"1998-2012","gb","is",0
"1998-2012","gb","lt",1
"1998-2012","gb","lv",0
"1998-2012","gb","md",0
"1998-2012","gb","mk",0
"1998-2012","gb","mt",1
"1998-2012","gb","nl",0
"1998-2012","gb","no",0
"1998-2012","gb","pl",0
"1998-2012","gb","pt",0
"1998-2012","gb","ro",0
"1998-2012","gb","rs",0
"1998-2012","gb","ru",0
"1998-2012","gb","se",0
"1998-2012","gb","si",0
"1998-2012","gb","tr",0
"1998-2012","gb","ua",0
"1998-2012","ge","am",1
"1998-2012","ge","az",1
"1998-2012","ge","ba",0
"1998-2012","ge","de",0
"1998-2012","ge","dk",0
"1998-2012","ge","es",0
"1998-2012","ge","fi",0
"1998-2012","ge","fr",0
"1998-2012","ge","gb",0
"1998-2012","ge","gr",0
"1998-2012","ge","ie",0
"1998-2012","ge","is",0
"1998-2012","ge","md",0
"1998-2012","ge","ro",0
"1998-2012","ge","rs",0
"1998-2012","ge","ru",0
"1998-2012","ge","se",0
"1998-2012","ge","tr",0
"1998-2012","ge","ua",1
"1998-2012","gr","al",1
"1998-2012","gr","am",0
"1998-2012","gr","at",0
"1998-2012","gr","az",0
"1998-2012","gr","ba",0
"1998-2012","gr","be",0
"1998-2012","gr","ch",0
"1998-2012","gr","cy",1
"1998-2012","gr","de",0
"1998-2012","gr","dk",0
"1998-2012","gr","ee",0
"1998-2012","gr","es",0
"1998-2012","gr","fi",0
"1998-2012","gr","fr",0
"1998-2012","gr","gb",0
"1998-2012","gr","ge",0
"1998-2012","gr","hr",0
"1998-2012","gr","hu",0
"1998-2012","gr","ie",0
"1998-2012","gr","il",0
"1998-2012","gr","is",0
"1998-2012","gr","lt",0
"1998-2012","gr","lv",0
"1998-2012","gr","md",0
"1998-2012","gr","mk",0
"1998-2012","gr","mt",0
"1998-2012","gr","nl",0
"1998-2012","gr","no",0
"1998-2012","gr","pl",0
"1998-2012","gr","pt",0
"1998-2012","gr","ro",0
"1998-2012","gr","rs",0
"1998-2012","gr","ru",0
"1998-2012","gr","se",0
"1998-2012","gr","si",0
"1998-2012","gr","tr",0
"1998-2012","gr","ua",0
"1998-2012","hr","al",0
"1998-2012","hr","am",0
"1998-2012","hr","at",0
"1998-2012","hr","ba",1
"1998-2012","hr","be",0
"1998-2012","hr","ch",0
"1998-2012","hr","cy",0
"1998-2012","hr","de",0
"1998-2012","hr","dk",0
"1998-2012","hr","ee",0
"1998-2012","hr","es",0
"1998-2012","hr","fi",0
"1998-2012","hr","fr",0
"1998-2012","hr","gb",0
"1998-2012","hr","gr",0
"1998-2012","hr","ie",0
"1998-2012","hr","il",0
"1998-2012","hr","is",0
"1998-2012","hr","lt",0
"1998-2012","hr","lv",0
"1998-2012","hr","md",0
"1998-2012","hr","mk",1
"1998-2012","hr","mt",0
"1998-2012","hr","nl",0
"1998-2012","hr","no",0
"1998-2012","hr","pl",0
"1998-2012","hr","pt",0
"1998-2012","hr","ro",0
"1998-2012","hr","ru",0
"1998-2012","hr","se",0
"1998-2012","hr","si",1
"1998-2012","hr","tr",0
"1998-2012","hr","ua",0
"1998-2012","hu","ba",0
"1998-2012","hu","ch",0
"1998-2012","hu","cy",0
"1998-2012","hu","de",0
"1998-2012","hu","dk",0
"1998-2012","hu","ee",0
"1998-2012","hu","es",0
"1998-2012","hu","fi",0
"1998-2012","hu","fr",0
"1998-2012","hu","gb",0
"1998-2012","hu","gr",0
"1998-2012","hu","ie",0
"1998-2012","hu","lt",0
"1998-2012","hu","md",0
"1998-2012","hu","mk",0
"1998-2012","hu","mt",0
"1998-2012","hu","no",0
"1998-2012","hu","ro",0
"1998-2012","hu","rs",0
"1998-2012","hu","ru",0
"1998-2012","hu","se",0
"1998-2012","hu","si",0
"1998-2012","hu","tr",0
"1998-2012","hu","ua",0
"1998-2012","ie","al",0
"1998-2012","ie","am",0
"1998-2012","ie","at",0
"1998-2012","ie","az",0
"1998-2012","ie","ba",0
"1998-2012","ie","be",0
"1998-2012","ie","ch",0
"1998-2012","ie","cy",0
"1998-2012","ie","de",0
"1998-2012","ie","dk",1
"1998-2012","ie","ee",1
"1998-2012","ie","es",0
"1998-2012","ie","fi",0
"1998-2012","ie","fr",0
"1998-2012","ie","gb",1
"1998-2012","ie","ge",0
"1998-2012","ie","gr",0
"1998-2012","ie","hr",0
"1998-2012","ie","hu",0
"1998-2012","ie","il",0
"1998-2012","ie","is",0
"1998-2012","ie","lt",1
"1998-2012","ie","lv",0
"1998-2012","ie","md",0
"1998-2012","ie","mk",0
"1998-2012","ie","mt",0
"1998-2012","ie","nl",0
"1998-2012","ie","no",0
"1998-2012","ie","pl",0
"1998-2012","ie","pt",0
"1998-2012","ie","ro",0
"1998-2012","ie","rs",0
"1998-2012","ie","ru",0
"1998-2012","ie","se",0
"1998-2012","ie","si",0
"1998-2012","ie","tr",0
"1998-2012","ie","ua",0
"1998-2012","il","al",0
"1998-2012","il","am",1
"1998-2012","il","at",0
"1998-2012","il","az",0
"1998-2012","il","ba",0
"1998-2012","il","be",0
"1998-2012","il","ch",0
"1998-2012","il","cy",0
"1998-2012","il","de",0
"1998-2012","il","dk",0
"1998-2012","il","ee",0
"1998-2012","il","es",0
"1998-2012","il","fi",0
"1998-2012","il","fr",0
"1998-2012","il","gb",0
"1998-2012","il","gr",0
"1998-2012","il","hr",0
"1998-2012","il","ie",0
"1998-2012","il","is",0
"1998-2012","il","lt",0
"1998-2012","il","lv",0
"1998-2012","il","md",0
"1998-2012","il","mk",0
"1998-2012","il","mt",0
"1998-2012","il","nl",1
"1998-2012","il","no",0
"1998-2012","il","pl",0
"1998-2012","il","pt",0
"1998-2012","il","ro",1
"1998-2012","il","ru",1
"1998-2012","il","se",0
"1998-2012","il","si",0
"1998-2012","il","tr",0
"1998-2012","il","ua",0
"1998-2012","is","al",0
"1998-2012","is","am",0
"1998-2012","is","at",0
"1998-2012","is","az",0
"1998-2012","is","ba",0
"1998-2012","is","be",0
"1998-2012","is","cy",0
"1998-2012","is","de",0
"1998-2012","is","dk",1
"1998-2012","is","ee",0
"1998-2012","is","es",0
"1998-2012","is","fi",0
"1998-2012","is","fr",0
"1998-2012","is","gb",0
"1998-2012","is","ge",0
"1998-2012","is","gr",0
"1998-2012","is","hr",0
"1998-2012","is","ie",0
"1998-2012","is","il",0
"1998-2012","is","lt",0
"1998-2012","is","lv",0
"1998-2012","is","md",0
"1998-2012","is","mk",0
"1998-2012","is","mt",0
"1998-2012","is","nl",0
"1998-2012","is","no",1
"1998-2012","is","pl",0
"1998-2012","is","pt",0
"1998-2012","is","ro",0
"1998-2012","is","rs",0
"1998-2012","is","ru",0
"1998-2012","is","se",1
"1998-2012","is","si",0
"1998-2012","is","tr",0
"1998-2012","is","ua",0
"1998-2012","lt","am",0
"1998-2012","lt","at",0
"1998-2012","lt","az",0
"1998-2012","lt","ba",0
"1998-2012","lt","ch",0
"1998-2012","lt","cy",0
"1998-2012","lt","de",0
"1998-2012","lt","dk",0
"1998-2012","lt","ee",0
"1998-2012","lt","es",0
"1998-2012","lt","fi",0
"1998-2012","lt","fr",0
"1998-2012","lt","gb",0
"1998-2012","lt","gr",0
"1998-2012","lt","hr",0
"1998-2012","lt","hu",0
"1998-2012","lt","ie",0
"1998-2012","lt","il",0
"1998-2012","lt","is",0
"1998-2012","lt","lv",1
"1998-2012","lt","md",0
"1998-2012","lt","mk",0
"1998-2012","lt","mt",0
"1998-2012","lt","no",0
"1998-2012","lt","pt",0
"1998-2012","lt","ro",0
"1998-2012","lt","rs",0
"1998-2012","lt","ru",1
"1998-2012","lt","se",0
"1998-2012","lt","si",0
"1998-2012","lt","tr",0
"1998-2012","lt","ua",0
"1998-2012","lv","am",0
"1998-2012","lv","at",0
"1998-2012","lv","ba",0
"1998-2012","lv","be",0
"1998-2012","lv","ch",0
"1998-2012","lv","cy",0
"1998-2012","lv","de",0
"1998-2012","lv","dk",0
"1998-2012","lv","ee",0
"1998-2012","lv","es",0
"1998-2012","lv","fi",0
"1998-2012","lv","fr",0
"1998-2012","lv","gb",0
"1998-2012","lv","gr",0
"1998-2012","lv","hr",0
"1998-2012","lv","ie",0
"1998-2012","lv","il",0
"1998-2012","lv","is",0
"1998-2012","lv","lt",1
"1998-2012","lv","md",0
"1998-2012","lv","mk",0
"1998-2012","lv","mt",0
"1998-2012","lv","nl",0
"1998-2012","lv","no",1
"1998-2012","lv","pl",0
"1998-2012","lv","pt",0
"1998-2012","lv","ro",0
"1998-2012","lv","ru",0
"1998-2012","lv","se",0
"1998-2012","lv","si",0
"1998-2012","lv","tr",0
"1998-2012","lv","ua",0
"1998-2012","md","al",0
"1998-2012","md","am",0
"1998-2012","md","az",1
"1998-2012","md","ba",0
"1998-2012","md","ch",0
"1998-2012","md","cy",0
"1998-2012","md","de",0
"1998-2012","md","dk",0
"1998-2012","md","ee",0
"1998-2012","md","es",0
"1998-2012","md","fi",0
"1998-2012","md","fr",0
"1998-2012","md","gb",0
"1998-2012","md","ge",0
"1998-2012","md","gr",0
"1998-2012","md","hr",0
"1998-2012","md","hu",0
"1998-2012","md","ie",0
"1998-2012","md","il",0
"1998-2012","md","is",0
"1998-2012","md","lt",0
"1998-2012","md","lv",0
"1998-2012","md","mk",0
"1998-2012","md","mt",0
"1998-2012","md","no",0
"1998-2012","md","ro",1
"1998-2012","md","rs",0
"1998-2012","md","ru",1
"1998-2012","md","se",0
"1998-2012","md","tr",0
"1998-2012","md","ua",1
"1998-2012","mk","al",1
"1998-2012","mk","at",0
"1998-2012","mk","ba",1
"1998-2012","mk","be",0
"1998-2012","mk","ch",0
"1998-2012","mk","cy",0
"1998-2012","mk","de",0
"1998-2012","mk","dk",0
"1998-2012","mk","ee",0
"1998-2012","mk","es",0
"1998-2012","mk","fi",0
"1998-2012","mk","fr",0
"1998-2012","mk","gb",0
"1998-2012","mk","gr",0
"1998-2012","mk","hr",1
"1998-2012","mk","hu",0
"1998-2012","mk","ie",0
"1998-2012","mk","il",0
"1998-2012","mk","is",0
"1998-2012","mk","lt",0
"1998-2012","mk","lv",0
"1998-2012","mk","md",0
"1998-2012","mk","mt",0
"1998-2012","mk","nl",0
"1998-2012","mk","no",0
"1998-2012","mk","ro",0
"1998-2012","mk","ru",0
"1998-2012","mk","se",0
"1998-2012","mk","si",0
"1998-2012","mk","tr",1
"1998-2012","mk","ua",0
"1998-2012","mt","al",0
"1998-2012","mt","at",0
"1998-2012","mt","ba",0
"1998-2012","mt","be",0
"1998-2012","mt","ch",0
"1998-2012","mt","cy",0
"1998-2012","mt","de",0
"1998-2012","mt","dk",0
"1998-2012","mt","ee",0
"1998-2012","mt","es",0
"1998-2012","mt","fi",0
"1998-2012","mt","fr",0
"1998-2012","mt","gb",1
"1998-2012","mt","gr",0
"1998-2012","mt","hr",0
"1998-2012","mt","hu",0
"1998-2012","mt","ie",0
"1998-2012","mt","il",0
"1998-2012","mt","is",0
"1998-2012","mt","lt",0
"1998-2012","mt","lv",0
"1998-2012","mt","md",0
"1998-2012","mt","mk",0
"1998-2012","mt","nl",0
"1998-2012","mt","no",0
"1998-2012","mt","pl",0
"1998-2012","mt","pt",0
"1998-2012","mt","ro",0
"1998-2012","mt","ru",0
"1998-2012","mt","se",0
"1998-2012","mt","si",0
"1998-2012","mt","tr",0
"1998-2012","mt","ua",0
"1998-2012","nl","at",0
"1998-2012","nl","ba",0
"1998-2012","nl","be",1
"1998-2012","nl","cy",0
"1998-2012","nl","de",0
"1998-2012","nl","dk",0
"1998-2012","nl","ee",0
"1998-2012","nl","es",0
"1998-2012","nl","fr",0
"1998-2012","nl","gb",0
"1998-2012","nl","gr",0
"1998-2012","nl","hr",0
"1998-2012","nl","ie",0
"1998-2012","nl","il",0
"1998-2012","nl","is",0
"1998-2012","nl","lv",0
"1998-2012","nl","mk",0
"1998-2012","nl","mt",0
"1998-2012","nl","no",0
"1998-2012","nl","pl",0
"1998-2012","nl","pt",0
"1998-2012","nl","ro",0
"1998-2012","nl","ru",0
"1998-2012","nl","se",0
"1998-2012","nl","si",0
"1998-2012","nl","tr",0
"1998-2012","no","al",0
"1998-2012","no","am",0
"1998-2012","no","at",0
"1998-2012","no","az",0
"1998-2012","no","ba",0
"1998-2012","no","be",0
"1998-2012","no","ch",0
"1998-2012","no","cy",0
"1998-2012","no","de",0
"1998-2012","no","dk",1
"1998-2012","no","ee",0
"1998-2012","no","es",0
"1998-2012","no","fi",0
"1998-2012","no","fr",0
"1998-2012","no","gb",0
"1998-2012","no","gr",0
"1998-2012","no","hr",0
"1998-2012","no","hu",0
"1998-2012","no","ie",0
"1998-2012","no","il",0
"1998-2012","no","is",1
"1998-2012","no","lt",0
"1998-2012","no","lv",0
"1998-2012","no","md",0
"1998-2012","no","mk",0
"1998-2012","no","mt",0
"1998-2012","no","nl",0
"1998-2012","no","pl",0
"1998-2012","no","pt",0
"1998-2012","no","ro",0
"1998-2012","no","rs",0
"1998-2012","no","ru",0
"1998-2012","no","se",1
"1998-2012","no","si",0
"1998-2012","no","tr",0
"1998-2012","no","ua",0
"1998-2012","pl","at",0
"1998-2012","pl","ba",0
"1998-2012","pl","be",0
"1998-2012","pl","cy",0
"1998-2012","pl","de",0
"1998-2012","pl","dk",0
"1998-2012","pl","ee",0
"1998-2012","pl","es",0
"1998-2012","pl","fr",0
"1998-2012","pl","gb",0
"1998-2012","pl","gr",0
"1998-2012","pl","hr",0
"1998-2012","pl","ie",0
"1998-2012","pl","il",0
"1998-2012","pl","is",0
"1998-2012","pl","lv",0
"1998-2012","pl","mt",0
"1998-2012","pl","nl",0
"1998-2012","pl","no",0
"1998-2012","pl","pt",0
"1998-2012","pl","ro",0
"1998-2012","pl","ru",0
"1998-2012","pl","se",0
"1998-2012","pl","si",0
"1998-2012","pl","tr",0
"1998-2012","pl","ua",0
"1998-2012","pt","al",0
"1998-2012","pt","am",0
"1998-2012","pt","az",0
"1998-2012","pt","ba",0
"1998-2012","pt","be",0
"1998-2012","pt","cy",0
"1998-2012","pt","de",0
"1998-2012","pt","dk",0
"1998-2012","pt","ee",0
"1998-2012","pt","es",1
"1998-2012","pt","fi",0
"1998-2012","pt","fr",0
"1998-2012","pt","gb",0
"1998-2012","pt","gr",0
"1998-2012","pt","hr",0
"1998-2012","pt","ie",0
"1998-2012","pt","il",0
"1998-2012","pt","is",0
"1998-2012","pt","lt",0
"1998-2012","pt","lv",0
"1998-2012","pt","mt",0
"1998-2012","pt","nl",0
"1998-2012","pt","no",0
"1998-2012","pt","pl",0
"1998-2012","pt","ro",0
"1998-2012","pt","ru",0
"1998-2012","pt","se",0
"1998-2012","pt","si",0
"1998-2012","pt","tr",0
"1998-2012","pt","ua",0
"1998-2012","ro","al",0
"1998-2012","ro","am",0
"1998-2012","ro","at",0
"1998-2012","ro","az",0
"1998-2012","ro","ba",0
"1998-2012","ro","be",0
"1998-2012","ro","ch",0
"1998-2012","ro","cy",0
"1998-2012","ro","de",0
"1998-2012","ro","dk",0
"1998-2012","ro","ee",0
"1998-2012","ro","es",0
"1998-2012","ro","fi",0
"1998-2012","ro","fr",0
"1998-2012","ro","gb",0
"1998-2012","ro","ge",0
"1998-2012","ro","gr",1
"1998-2012","ro","hr",0
"1998-2012","ro","hu",1
"1998-2012","ro","ie",0
"1998-2012","ro","il",0
"1998-2012","ro","is",0
"1998-2012","ro","lt",0
"1998-2012","ro","lv",0
"1998-2012","ro","md",1
"1998-2012","ro","mk",0
"1998-2012","ro","mt",0
"1998-2012","ro","nl",0
"1998-2012","ro","no",0
"1998-2012","ro","pl",0
"1998-2012","ro","pt",0
"1998-2012","ro","rs",0
"1998-2012","ro","ru",0
"1998-2012","ro","se",0
"1998-2012","ro","si",0
"1998-2012","ro","tr",1
"1998-2012","ro","ua",0
"1998-2012","rs","al",0
"1998-2012","rs","am",0
"1998-2012","rs","az",0
"1998-2012","rs","ba",1
"1998-2012","rs","de",0
"1998-2012","rs","dk",0
"1998-2012","rs","es",0
"1998-2012","rs","fi",0
"1998-2012","rs","fr",0
"1998-2012","rs","gb",0
"1998-2012","rs","ge",0
"1998-2012","rs","gr",0
"1998-2012","rs","hu",0
"1998-2012","rs","ie",0
"1998-2012","rs","is",0
"1998-2012","rs","lt",0
"1998-2012","rs","md",0
"1998-2012","rs","no",0
"1998-2012","rs","ro",0
"1998-2012","rs","ru",0
"1998-2012","rs","se",0
"1998-2012","rs","tr",0
"1998-2012","rs","ua",0
"1998-2012","ru","al",0
"1998-2012","ru","am",1
"1998-2012","ru","at",0
"1998-2012","ru","az",1
"1998-2012","ru","ba",0
"1998-2012","ru","be",0
"1998-2012","ru","ch",0
"1998-2012","ru","cy",0
"1998-2012","ru","de",0
"1998-2012","ru","dk",0
"1998-2012","ru","ee",0
"1998-2012","ru","es",0
"1998-2012","ru","fi",0
"1998-2012","ru","fr",0
"1998-2012","ru","gb",0
"1998-2012","ru","ge",1
"1998-2012","ru","gr",0
"1998-2012","ru","hr",0
"1998-2012","ru","hu",0
"1998-2012","ru","ie",0
"1998-2012","ru","il",0
"1998-2012","ru","is",0
"1998-2012","ru","lt",0
"1998-2012","ru","lv",0
"1998-2012","ru","md",0
"1998-2012","ru","mk",0
"1998-2012","ru","mt",0
"1998-2012","ru","nl",0
"1998-2012","ru","no",0
"1998-2012","ru","pl",0
"1998-2012","ru","pt",0
"1998-2012","ru","ro",0
"1998-2012","ru","rs",0
"1998-2012","ru","se",0
"1998-2012","ru","si",0
"1998-2012","ru","tr",0
"1998-2012","ru","ua",1
"1998-2012","se","al",0
"1998-2012","se","am",0
"1998-2012","se","at",0
"1998-2012","se","az",0
"1998-2012","se","ba",1
"1998-2012","se","be",0
"1998-2012","se","ch",0
"1998-2012","se","cy",0
"1998-2012","se","de",0
"1998-2012","se","dk",1
"1998-2012","se","ee",1
"1998-2012","se","es",0
"1998-2012","se","fi",1
"1998-2012","se","fr",0
"1998-2012","se","gb",0
"1998-2012","se","ge",0
"1998-2012","se","gr",0
"1998-2012","se","hr",0
"1998-2012","se","hu",0
"1998-2012","se","ie",0
"1998-2012","se","il",0
"1998-2012","se","is",1
"1998-2012","se","lt",0
"1998-2012","se","lv",0
"1998-2012","se","md",0
"1998-2012","se","mk",0
"1998-2012","se","mt",0
"1998-2012","se","nl",0
"1998-2012","se","no",1
"1998-2012","se","pl",0
"1998-2012","se","pt",0
"1998-2012","se","ro",0
"1998-2012","se","rs",0
"1998-2012","se","ru",0
"1998-2012","se","si",0
"1998-2012","se","tr",0
"1998-2012","se","ua",0
"1998-2012","si","at",0
"1998-2012","si","ba",1
"1998-2012","si","be",0
"1998-2012","si","ch",0
"1998-2012","si","cy",0
"1998-2012","si","de",0
"1998-2012","si","dk",0
"1998-2012","si","ee",0
"1998-2012","si","es",0
"1998-2012","si","fi",0
"1998-2012","si","fr",0
"1998-2012","si","gb",0
"1998-2012","si","gr",0
"1998-2012","si","hr",1
"1998-2012","si","hu",0
"1998-2012","si","ie",0
"1998-2012","si","il",0
"1998-2012","si","is",0
"1998-2012","si","lt",0
"1998-2012","si","lv",0
"1998-2012","si","mk",0
"1998-2012","si","mt",0
"1998-2012","si","nl",0
"1998-2012","si","no",0
"1998-2012","si","pl",0
"1998-2012","si","pt",0
"1998-2012","si","ro",0
"1998-2012","si","ru",0
"1998-2012","si","se",0
"1998-2012","si","tr",0
"1998-2012","si","ua",0
"1998-2012","tr","al",0
"1998-2012","tr","am",1
"1998-2012","tr","at",0
"1998-2012","tr","az",1
"1998-2012","tr","ba",1
"1998-2012","tr","be",0
"1998-2012","tr","ch",0
"1998-2012","tr","cy",0
"1998-2012","tr","de",0
"1998-2012","tr","dk",0
"1998-2012","tr","ee",0
"1998-2012","tr","es",0
"1998-2012","tr","fi",0
"1998-2012","tr","fr",0
"1998-2012","tr","gb",0
"1998-2012","tr","ge",1
"1998-2012","tr","gr",0
"1998-2012","tr","hr",0
"1998-2012","tr","hu",0
"1998-2012","tr","ie",0
"1998-2012","tr","il",0
"1998-2012","tr","is",0
"1998-2012","tr","lt",0
"1998-2012","tr","lv",0
"1998-2012","tr","md",0
"1998-2012","tr","mk",0
"1998-2012","tr","mt",0
"1998-2012","tr","nl",0
"1998-2012","tr","no",0
"1998-2012","tr","pl",0
"1998-2012","tr","pt",0
"1998-2012","tr","ro",0
"1998-2012","tr","rs",0
"1998-2012","tr","ru",0
"1998-2012","tr","se",0
"1998-2012","tr","si",0
"1998-2012","tr","ua",0
"1998-2012","ua","al",0
"1998-2012","ua","am",0
"1998-2012","ua","at",0
"1998-2012","ua","az",1
"1998-2012","ua","ba",0
"1998-2012","ua","be",0
"1998-2012","ua","ch",0
"1998-2012","ua","cy",0
"1998-2012","ua","de",0
"1998-2012","ua","dk",0
"1998-2012","ua","ee",0
"1998-2012","ua","es",0
"1998-2012","ua","fi",0
"1998-2012","ua","fr",0
"1998-2012","ua","gb",0
"1998-2012","ua","ge",1
"1998-2012","ua","gr",0
"1998-2012","ua","hr",0
"1998-2012","ua","hu",0
"1998-2012","ua","ie",0
"1998-2012","ua","il",0
"1998-2012","ua","is",0
"1998-2012","ua","lt",0
"1998-2012","ua","lv",0
"1998-2012","ua","md",1
"1998-2012","ua","mk",0
"1998-2012","ua","mt",0
"1998-2012","ua","no",0
"1998-2012","ua","pl",0
"1998-2012","ua","pt",0
"1998-2012","ua","ro",0
"1998-2012","ua","rs",0
"1998-2012","ua","ru",1
"1998-2012","ua","se",0
"1998-2012","ua","si",0
"1998-2012","ua","tr",0
